model,task_type,question_id,question,standard_answer,strategy,prompt,model_output
Qwen/Qwen2-7B-Instruct,quantitative_reasoning,quant_001,一个农场里有鸡和兔子共35个头，94只脚。请问鸡和兔子各有多少只？,鸡有23只，兔子有12只。,zero_shot,"请回答以下问题，只输出最终答案：
问题: 一个农场里有鸡和兔子共35个头，94只脚。请问鸡和兔子各有多少只？",鸡有13只，兔子有22只。
Qwen/Qwen2-7B-Instruct,quantitative_reasoning,quant_001,一个农场里有鸡和兔子共35个头，94只脚。请问鸡和兔子各有多少只？,鸡有23只，兔子有12只。,few_shot,"示例1:
问题: 一个篮子里有5个苹果，又放进去了3个，后来吃掉了2个，篮子里还剩几个苹果？
答案: 6个

示例2:
问题: 一辆车以60公里/小时的速度行驶了2小时，它行驶了多少公里？
答案: 120公里

请回答:
问题: 一个农场里有鸡和兔子共35个头，94只脚。请问鸡和兔子各有多少只？
答案:","为了解决这个问题，我们可以使用代数方法。假设鸡的数量为x，兔子的数量为y。

根据题目描述，我们有两个条件：
1. 鸡和兔子的头的总数是35，所以 x + y = 35。
2. 鸡有2只脚，兔子有4只脚，总数是94，所以 2x + 4y = 94。

接下来，我们解这个方程组。

从第一个方程可以得出 y = 35 - x。

将 y 的表达式代入第二个方程中，得到：
\[2x + 4(35 - x) = 94\]

展开并简化方程：
\[2x + 140 - 4x = 94\]

合并同类项：
\[-2x = -46\]

解得：
\[x = 23\]

所以，鸡有23只。

返回第一个方程，用x的值求y：
\[y = 35 - x = 35 - 23 = 12\]

所以，兔子有12只。

答案是：鸡有23只，兔子有12只。"
Qwen/Qwen2-7B-Instruct,quantitative_reasoning,quant_001,一个农场里有鸡和兔子共35个头，94只脚。请问鸡和兔子各有多少只？,鸡有23只，兔子有12只。,zero_shot_cot,"请回答以下问题，逐步思考，最后给出答案。
问题: 一个农场里有鸡和兔子共35个头，94只脚。请问鸡和兔子各有多少只？","为解决这个问题，我们可以设定两个变量来表示鸡和兔子的数量。设鸡的数量为x，兔子的数量为y。

我们有两个条件：
1. 鸡和兔子的头的总数为35，即x + y = 35。
2. 鸡和兔子的脚的总数为94，鸡有2只脚，兔子有4只脚，因此2x + 4y = 94。

现在，我们有了一个包含两个方程的方程组：
\[ \begin{align*}
x + y &= 35 \quad (1)\\
2x + 4y &= 94 \quad (2)
\end{align*} \]

我们可以使用代数方法来解这个方程组。首先，可以通过方程(1)解出y：
\[ y = 35 - x \]

然后，将y的表达式代入方程(2)中解出x：
\[ 2x + 4(35 - x) = 94 \]
\[ 2x + 140 - 4x = 94 \]
\[ -2x = -46 \]
\[ x = 23 \]

得知鸡的数量x为23只。接下来可以求出兔子的数量y：
\[ y = 35 - x = 35 - 23 = 12 \]

所以，鸡有23只，兔子有12只。"
Qwen/Qwen2-7B-Instruct,quantitative_reasoning,quant_001,一个农场里有鸡和兔子共35个头，94只脚。请问鸡和兔子各有多少只？,鸡有23只，兔子有12只。,few_shot_cot,"示例1:
问题: 一个篮子里有5个苹果，又放进去了3个，后来吃掉了2个，篮子里还剩几个苹果？
思考过程: 初始有5个苹果。放进去3个后，苹果总数是 5 + 3 = 8个。然后吃掉了2个，所以剩下的苹果是 8 - 2 = 6个。
答案: 6个

示例2:
问题: 一辆车以60公里/小时的速度行驶了2小时，它行驶了多少公里？
思考过程: 距离等于速度乘以时间。速度是60公里/小时，时间是2小时。所以总距离是 60 * 2 = 120公里。
答案: 120公里

请回答:
问题: 一个农场里有鸡和兔子共35个头，94只脚。请问鸡和兔子各有多少只？
思考过程:","设鸡的数量为x，兔子的数量为y。根据题目信息可以得到以下两个方程：

1. 鸡和兔子的头的总数为35，即：
   x + y = 35

2. 鸡和兔子的脚的总数为94，鸡有2只脚，兔子有4只脚，即：
   2x + 4y = 94

现在我们有了一个包含两个未知数的方程组，接下来解这个方程组。

首先解第一个方程，得到 y = 35 - x。

接着将 y 的表达式代入第二个方程中：

2x + 4(35 - x) = 94

展开并解这个方程：

2x + 140 - 4x = 94

移项并合并同类项：

-2x = 94 - 140

-2x = -46

x = 23

所以鸡有23只。再回到 y 的表达式 y = 35 - x，代入 x 的值得到：

y = 35 - 23 = 12

所以兔子有12只。

答案：鸡有23只，兔子有12只。"
Qwen/Qwen2-7B-Instruct,quantitative_reasoning,quant_002,小明以每小时5公里的速度从家步行去学校，走了0.5小时后，爸爸发现他忘了带作业，立即以每小时8公里的速度骑车去追。爸爸需要多长时间才能追上小明？,爸爸需要5/6小时（或约50分钟）才能追上小明。,zero_shot,"请回答以下问题，只输出最终答案：
问题: 小明以每小时5公里的速度从家步行去学校，走了0.5小时后，爸爸发现他忘了带作业，立即以每小时8公里的速度骑车去追。爸爸需要多长时间才能追上小明？",爸爸需要0.3小时才能追上小明。
Qwen/Qwen2-7B-Instruct,quantitative_reasoning,quant_002,小明以每小时5公里的速度从家步行去学校，走了0.5小时后，爸爸发现他忘了带作业，立即以每小时8公里的速度骑车去追。爸爸需要多长时间才能追上小明？,爸爸需要5/6小时（或约50分钟）才能追上小明。,few_shot,"示例1:
问题: 一个篮子里有5个苹果，又放进去了3个，后来吃掉了2个，篮子里还剩几个苹果？
答案: 6个

示例2:
问题: 一辆车以60公里/小时的速度行驶了2小时，它行驶了多少公里？
答案: 120公里

请回答:
问题: 小明以每小时5公里的速度从家步行去学校，走了0.5小时后，爸爸发现他忘了带作业，立即以每小时8公里的速度骑车去追。爸爸需要多长时间才能追上小明？
答案:","首先，计算小明在爸爸出发时已经走的距离。小明的速度是每小时5公里，走了0.5小时，所以他已经走了 \(5 \times 0.5 = 2.5\) 公里。

接下来，计算两者的相对速度。爸爸骑车的速度是每小时8公里，小明步行的速度是每小时5公里，所以他们之间的相对速度是 \(8 - 5 = 3\) 公里/小时。

爸爸要追上小明，需要的时间是他们之间的距离除以相对速度，即 \(2.5 \div 3 = \frac{5}{6}\) 小时。

所以，爸爸需要 \(\frac{5}{6}\) 小时，或者大约 50 分钟才能追上小明。"
Qwen/Qwen2-7B-Instruct,quantitative_reasoning,quant_002,小明以每小时5公里的速度从家步行去学校，走了0.5小时后，爸爸发现他忘了带作业，立即以每小时8公里的速度骑车去追。爸爸需要多长时间才能追上小明？,爸爸需要5/6小时（或约50分钟）才能追上小明。,zero_shot_cot,"请回答以下问题，逐步思考，最后给出答案。
问题: 小明以每小时5公里的速度从家步行去学校，走了0.5小时后，爸爸发现他忘了带作业，立即以每小时8公里的速度骑车去追。爸爸需要多长时间才能追上小明？","为了解答这个问题，我们可以逐步分析小明和爸爸各自的位置变化，然后确定爸爸追上小明所需的额外时间。

首先，我们知道小明以每小时5公里的速度步行，爸爸以每小时8公里的速度骑车追赶。

1. **小明的移动分析**：
   - 小明走了0.5小时，因此他在这段时间内移动的距离是 \(5 \, \text{公里/小时} \times 0.5 \, \text{小时} = 2.5 \, \text{公里}\)。

2. **爸爸追赶分析**：
   - 爸爸骑车速度是小明步行速度的 \(\frac{8}{5} = 1.6\) 倍（即爸爸比小明快），这意味着当爸爸开始追赶时，他实际上每小时能比小明多追近 \(8 - 5 = 3 \, \text{公里}\)。

3. **计算追上时间**：
   - 在爸爸开始追赶后，小明继续移动，而爸爸以每小时快3公里的速度追赶。因此，为了追上小明，爸爸需要追回2.5公里的距离。
   - 由于爸爸每小时能比小明多追进3公里，追回这2.5公里的距离所需的时间是 \(\frac{2.5 \, \text{公里}}{3 \, \text{公里/小时}} = \frac{5}{6} \, \text{小时}\)。

综上所述，爸爸需要 \(\frac{5}{6}\) 小时（约等于0.83小时或49.8分钟）才能追上小明。"
Qwen/Qwen2-7B-Instruct,quantitative_reasoning,quant_002,小明以每小时5公里的速度从家步行去学校，走了0.5小时后，爸爸发现他忘了带作业，立即以每小时8公里的速度骑车去追。爸爸需要多长时间才能追上小明？,爸爸需要5/6小时（或约50分钟）才能追上小明。,few_shot_cot,"示例1:
问题: 一个篮子里有5个苹果，又放进去了3个，后来吃掉了2个，篮子里还剩几个苹果？
思考过程: 初始有5个苹果。放进去3个后，苹果总数是 5 + 3 = 8个。然后吃掉了2个，所以剩下的苹果是 8 - 2 = 6个。
答案: 6个

示例2:
问题: 一辆车以60公里/小时的速度行驶了2小时，它行驶了多少公里？
思考过程: 距离等于速度乘以时间。速度是60公里/小时，时间是2小时。所以总距离是 60 * 2 = 120公里。
答案: 120公里

请回答:
问题: 小明以每小时5公里的速度从家步行去学校，走了0.5小时后，爸爸发现他忘了带作业，立即以每小时8公里的速度骑车去追。爸爸需要多长时间才能追上小明？
思考过程:","为了解决这个问题，我们可以从以下几个步骤开始：

1. **计算小明走的距离**：小明以每小时5公里的速度走了0.5小时，所以小明已经走了 \(5 \times 0.5 = 2.5\) 公里。

2. **确定爸爸与小明的速度差**：爸爸以每小时8公里的速度骑行，而小明以每小时5公里的速度步行，因此他们之间的相对速度是 \(8 - 5 = 3\) 公里/小时。

3. **计算爸爸追上小明所需时间**：小明已经与小明相距2.5公里，以他们之间的相对速度（3公里/小时）计算，爸爸追上小明所需的时间是 \(2.5 \div 3 = \frac{5}{6}\) 小时。

因此，爸爸需要 \(\frac{5}{6}\) 小时（大约0.83小时或50分钟）才能追上小明。"
Qwen/Qwen2-7B-Instruct,logical_reasoning,logic_001,前提A：所有哺乳动物都是温血动物。前提B：鲸鱼是哺乳动物。请问根据这两个前提可以得出什么结论？,鲸鱼是温血动物。,zero_shot,"请回答以下问题，只输出最终答案：
问题: 前提A：所有哺乳动物都是温血动物。前提B：鲸鱼是哺乳动物。请问根据这两个前提可以得出什么结论？",结论：鲸鱼是温血动物。
Qwen/Qwen2-7B-Instruct,logical_reasoning,logic_001,前提A：所有哺乳动物都是温血动物。前提B：鲸鱼是哺乳动物。请问根据这两个前提可以得出什么结论？,鲸鱼是温血动物。,few_shot,"示例1:
问题: 前提A：所有的人都会死。前提B：苏格拉底是人。结论是什么？
答案: 苏格拉底会死。

示例2:
问题: 如果今天是星期三，那么后天是星期几？
答案: 星期五

请回答:
问题: 前提A：所有哺乳动物都是温血动物。前提B：鲸鱼是哺乳动物。请问根据这两个前提可以得出什么结论？
答案:",根据前提A和前提B，可以得出结论：鲸鱼是温血动物。
Qwen/Qwen2-7B-Instruct,logical_reasoning,logic_001,前提A：所有哺乳动物都是温血动物。前提B：鲸鱼是哺乳动物。请问根据这两个前提可以得出什么结论？,鲸鱼是温血动物。,zero_shot_cot,"请回答以下问题，逐步思考，最后给出答案。
问题: 前提A：所有哺乳动物都是温血动物。前提B：鲸鱼是哺乳动物。请问根据这两个前提可以得出什么结论？","根据前提A：“所有哺乳动物都是温血动物”，以及前提B：“鲸鱼是哺乳动物”，我们可以得出结论：

结论：鲸鱼是温血动物。因为根据前提A，所有哺乳动物都具备温血的特性；而根据前提B，鲸鱼属于哺乳动物类别，所以鲸鱼也必然具有温血的特性。"
Qwen/Qwen2-7B-Instruct,logical_reasoning,logic_001,前提A：所有哺乳动物都是温血动物。前提B：鲸鱼是哺乳动物。请问根据这两个前提可以得出什么结论？,鲸鱼是温血动物。,few_shot_cot,"示例1:
问题: 前提A：所有的人都会死。前提B：苏格拉底是人。结论是什么？
思考过程: 这是一个三段论推理。大前提是“所有的人都会死”，小前提是“苏格拉底是人”。根据逻辑规则，可以得出结论“苏格拉底会死”。
答案: 苏格拉底会死。

示例2:
问题: 如果今天是星期三，那么后天是星期几？
思考过程: 今天是星期三。明天是星期四。后天就是星期五。
答案: 星期五

请回答:
问题: 前提A：所有哺乳动物都是温血动物。前提B：鲸鱼是哺乳动物。请问根据这两个前提可以得出什么结论？
思考过程:",根据前提A“所有哺乳动物都是温血动物”和前提B“鲸鱼是哺乳动物”，我们可以得出结论：鲸鱼是温血动物。这是因为如果鲸鱼属于哺乳动物类别，而所有哺乳动物都是温血动物，那么逻辑上鲸鱼也必须是温血动物。
Qwen/Qwen2-7B-Instruct,logical_reasoning,logic_002,在一个房间里有甲、乙、丙三人。甲说乙在说谎，乙说丙在说谎，丙说甲和乙都在说谎。请问到底谁在说真话？,乙在说真话，甲和丙在说谎。,zero_shot,"请回答以下问题，只输出最终答案：
问题: 在一个房间里有甲、乙、丙三人。甲说乙在说谎，乙说丙在说谎，丙说甲和乙都在说谎。请问到底谁在说真话？",答案: 丙在说真话。
Qwen/Qwen2-7B-Instruct,logical_reasoning,logic_002,在一个房间里有甲、乙、丙三人。甲说乙在说谎，乙说丙在说谎，丙说甲和乙都在说谎。请问到底谁在说真话？,乙在说真话，甲和丙在说谎。,few_shot,"示例1:
问题: 前提A：所有的人都会死。前提B：苏格拉底是人。结论是什么？
答案: 苏格拉底会死。

示例2:
问题: 如果今天是星期三，那么后天是星期几？
答案: 星期五

请回答:
问题: 在一个房间里有甲、乙、丙三人。甲说乙在说谎，乙说丙在说谎，丙说甲和乙都在说谎。请问到底谁在说真话？
答案:","在这个问题中，我们可以通过逻辑推断来分析三个人的话。

1. 如果甲说的是真话，那么乙在说谎。这说明乙并没有说丙在说谎，所以乙实际上是在说真话，这与甲说乙在说谎相矛盾。因此，甲不可能说的是真话。

2. 如果乙说的是真话，那么丙在说谎。这意味着丙并没有说甲和乙都在说谎，所以甲和乙不能同时在说谎。由于我们已经确定甲在说谎（因为如果甲说的是真话，乙就必须也在说谎，这与现在的假设矛盾），所以乙必须在说真话。但是，如果乙在说真话，那么丙必须也说真话（因为丙在说谎就是指他没有说甲和乙都在说谎，而我们知道乙确实说真话了），这导致矛盾。因此，乙也不可能说的是真话。

3. 如果丙说的是真话，那么甲和乙都在说谎。这意味着甲在说谎，乙在说谎，而丙没有说甲和乙都在说谎。因为如果丙在说谎，那么甲和乙中至少有一个在说真话，这与丙说的相矛盾。所以，丙的话是真的，甲和乙都在说谎。

综上所述，答案是丙在说真话。"
Qwen/Qwen2-7B-Instruct,logical_reasoning,logic_002,在一个房间里有甲、乙、丙三人。甲说乙在说谎，乙说丙在说谎，丙说甲和乙都在说谎。请问到底谁在说真话？,乙在说真话，甲和丙在说谎。,zero_shot_cot,"请回答以下问题，逐步思考，最后给出答案。
问题: 在一个房间里有甲、乙、丙三人。甲说乙在说谎，乙说丙在说谎，丙说甲和乙都在说谎。请问到底谁在说真话？","要解决这个问题，我们可以从分析每个人的话开始。

1. 如果甲在说真话，那么乙在说谎。这将意味着乙所说的“丙在说谎”也是假的，因此丙实际上在说真话。但是这与甲在说真话的假设矛盾，因为如果丙在说真话，那么甲和乙都在说谎，这与甲在说真话的假设相冲突。

2. 如果甲在说谎，那么乙在说真话。这将意味着乙所说的“丙在说谎”是真的，因此丙实际上在说谎。然而，这就意味着丙并没有在说谎，这与我们假设的丙在说谎相矛盾。

3. 因此，我们可以得出结论，甲在说谎，乙在说真话，而丙在说谎。

综上所述，最终答案是：乙在说真话。"
Qwen/Qwen2-7B-Instruct,logical_reasoning,logic_002,在一个房间里有甲、乙、丙三人。甲说乙在说谎，乙说丙在说谎，丙说甲和乙都在说谎。请问到底谁在说真话？,乙在说真话，甲和丙在说谎。,few_shot_cot,"示例1:
问题: 前提A：所有的人都会死。前提B：苏格拉底是人。结论是什么？
思考过程: 这是一个三段论推理。大前提是“所有的人都会死”，小前提是“苏格拉底是人”。根据逻辑规则，可以得出结论“苏格拉底会死”。
答案: 苏格拉底会死。

示例2:
问题: 如果今天是星期三，那么后天是星期几？
思考过程: 今天是星期三。明天是星期四。后天就是星期五。
答案: 星期五

请回答:
问题: 在一个房间里有甲、乙、丙三人。甲说乙在说谎，乙说丙在说谎，丙说甲和乙都在说谎。请问到底谁在说真话？
思考过程:","这个问题是一个经典的逻辑谜题。我们可以通过假设和排除法来解决。

假设甲在说真话：
- 如果甲在说真话，那么乙就是在说谎。
- 如果乙在说谎，那么根据乙的说法，丙是在说真话。然而，这与甲正在说真话（即乙在说谎）相矛盾，因为如果丙在说真话，那么甲和乙不能都在说真话。

假设甲在说谎：
- 如果甲在说谎，那么乙就是在说真话。
- 如果乙在说真话，那么乙的说法就是正确的，即丙在说谎。如果丙在说谎，那么甲和乙没有都在说谎，这符合甲说谎的情况。

综上所述，只有当甲在说谎且乙在说真话时，所有的陈述才能同时成立。因此，答案是：

乙在说真话。"
Qwen/Qwen2-7B-Instruct,common_sense_reasoning,common_001,如果我想把湿衣服晾干，并且外面正在下雨，我应该把衣服放在室内还是室外？为什么？,应该放在室内。因为室内空气相对干燥，可以帮助水分蒸发，而室外下雨会使衣服更湿。,zero_shot,"请回答以下问题，只输出最终答案：
问题: 如果我想把湿衣服晾干，并且外面正在下雨，我应该把衣服放在室内还是室外？为什么？","答案：在下雨天，应该把湿衣服放在室内晾干。原因如下：

1. **雨天的湿度大**：户外空气中含有大量水蒸气，当雨水降落且空气流通时，湿度会更高。湿衣服在这样的环境中晾干速度会减缓，因为湿衣服会向周围高湿度的环境扩散水分。

2. **避免二次湿透**：把湿衣服放在外面，如果雨突然变大或持续降雨，衣服可能会再次被雨水打湿，这就违背了晾干衣服的初衷。

3. **室内环境控制**：室内通常可以通过通风、使用除湿机、空调等方式控制湿度，有助于加快衣服的晾干速度。同时，室内温度通常也更适宜衣物快速干燥，避免长时间晾干可能导致的霉变问题。

4. **卫生和舒适性**：在室内晾干的衣服会避免接触到外界的污染物和微生物，保持衣物的清洁，同时避免因长时间晾晒在冷风中导致衣服的质地变硬或产生不舒适的感觉。

总之，考虑到雨天室外的高湿度环境会减缓衣物的干燥速度，增加二次湿透的风险，以及对卫生和衣物品质的考虑，将湿衣服放在室内晾干是更为合理的选择。"
Qwen/Qwen2-7B-Instruct,common_sense_reasoning,common_001,如果我想把湿衣服晾干，并且外面正在下雨，我应该把衣服放在室内还是室外？为什么？,应该放在室内。因为室内空气相对干燥，可以帮助水分蒸发，而室外下雨会使衣服更湿。,few_shot,"示例1:
问题: 一个篮子里有5个苹果，又放进去了3个，后来吃掉了2个，篮子里还剩几个苹果？
答案: 6个

示例2:
问题: 一辆车以60公里/小时的速度行驶了2小时，它行驶了多少公里？
答案: 120公里

请回答:
问题: 如果我想把湿衣服晾干，并且外面正在下雨，我应该把衣服放在室内还是室外？为什么？
答案:",答案: 把衣服放在室内。因为外面正在下雨，所以室外的湿气不仅不会让衣服变干，反而会因为雨水使得湿气更重。室内通常有较低的湿度和更好的通风条件，有利于衣服更快地晾干。
Qwen/Qwen2-7B-Instruct,common_sense_reasoning,common_001,如果我想把湿衣服晾干，并且外面正在下雨，我应该把衣服放在室内还是室外？为什么？,应该放在室内。因为室内空气相对干燥，可以帮助水分蒸发，而室外下雨会使衣服更湿。,zero_shot_cot,"请回答以下问题，逐步思考，最后给出答案。
问题: 如果我想把湿衣服晾干，并且外面正在下雨，我应该把衣服放在室内还是室外？为什么？","如果想要把湿衣服晾干，应该把衣服放在室内。

原因如下：

1. **温度和湿度的影响**：室外通常存在两个不利因素。首先，下雨会导致室外的温度和湿度都相对较低，这不利于水分的蒸发。其次，雨水和潮湿的空气会使得晾晒的衣物表面形成一层潮湿的环境，这同样不利于快速晾干。相比之下，室内通常有更高的温度和湿度（尤其是有空调或暖气的情况下），有利于促进水分子的蒸发。

2. **风力的影响**：室外晾晒衣物时，可能会受到较大的风力影响，尤其是在下雨时，风力可能因为降雨而减弱。风力对于衣物快速晾干是必要的，因为它可以帮助加速空气流动，从而促进水分蒸发。但是，下雨时的风力减弱使得这一效果大打折扣。

3. **遮蔽和保护**：室外晾晒衣物容易受到雨水的直接侵袭，特别是在持续下雨的情况下，衣物不仅不会晾干，反而会因为雨水的加入而变得更湿。室内则可以提供一个干燥、无雨水侵袭的环境。

综上所述，为了更有效地晾干湿衣服，特别是在外面正在下雨的情况下，把衣服放在室内是更为合理的选择。室内能够提供更加适宜的温度、湿度和风力条件，有助于衣物更快地晾干。"
Qwen/Qwen2-7B-Instruct,common_sense_reasoning,common_001,如果我想把湿衣服晾干，并且外面正在下雨，我应该把衣服放在室内还是室外？为什么？,应该放在室内。因为室内空气相对干燥，可以帮助水分蒸发，而室外下雨会使衣服更湿。,few_shot_cot,"示例1:
问题: 一个篮子里有5个苹果，又放进去了3个，后来吃掉了2个，篮子里还剩几个苹果？
思考过程: 初始有5个苹果。放进去3个后，苹果总数是 5 + 3 = 8个。然后吃掉了2个，所以剩下的苹果是 8 - 2 = 6个。
答案: 6个

示例2:
问题: 一辆车以60公里/小时的速度行驶了2小时，它行驶了多少公里？
思考过程: 距离等于速度乘以时间。速度是60公里/小时，时间是2小时。所以总距离是 60 * 2 = 120公里。
答案: 120公里

请回答:
问题: 如果我想把湿衣服晾干，并且外面正在下雨，我应该把衣服放在室内还是室外？为什么？
思考过程:","思考过程: 要让湿衣服晾干，需要湿衣服与空气接触并且空气需要是流动的。下雨时，室外的空气通常是湿润的，而且由于下雨，空气流动可能会减弱，因为降水会形成阻碍。因此，放置湿衣服在室外可能不会有效利用流动的湿润空气来帮助衣物干燥。相比之下，室内通常有更稳定且可能更暖和的环境，空气流动可能也更好，尤其是如果使用风扇或空调来增强空气流通。另外，室内通常具有更好的控制湿度的条件，有助于更快地蒸发衣服上的水分。

答案: 应该把湿衣服放在室内。这样可以帮助利用更稳定、可能更暖和且流动更好的空气来更快地晾干衣服。"
Qwen/Qwen2-7B-Instruct,common_sense_reasoning,common_002,小红在切洋葱时流泪了，她可以做什么来减轻这种不适？,她可以尝试将洋葱冷藏后再切，或者在通风良好的地方切，也可以戴上护目镜。,zero_shot,"请回答以下问题，只输出最终答案：
问题: 小红在切洋葱时流泪了，她可以做什么来减轻这种不适？","答案: 小红可以尝试以下几种方法来减轻切洋葱时流泪的不适：

1. **打开窗户或使用抽油烟机**：这可以增加厨房内的空气流通，减少洋葱释放的刺激性气体。

2. **用水冲洗切菜板和刀**：水会稀释掉部分刺激性气体，减少对眼睛的刺激。

3. **将洋葱放入冰箱冷冻室10-20分钟**：冷冻后，洋葱的细胞会收缩，减少刺激性气体的释放。

4. **切洋葱前浸泡在水中**：将洋葱头放入水中浸泡10-15分钟，也可以减少切洋葱时的刺激感。

5. **使用旧牙刷或刷子刷洋葱表面**：这有助于去除表面的刺激性物质。

6. **切洋葱时佩戴护目镜**：戴上护目镜可以有效地隔离眼睛与刺激性气体的接触。

7. **选择较为温和的洋葱**：有些洋葱比其他洋葱产生的刺激性气体更少，选择这类洋葱可以减少不适。

通过采取这些措施，小红在切洋葱时可以减少流泪的不适感。"
Qwen/Qwen2-7B-Instruct,common_sense_reasoning,common_002,小红在切洋葱时流泪了，她可以做什么来减轻这种不适？,她可以尝试将洋葱冷藏后再切，或者在通风良好的地方切，也可以戴上护目镜。,few_shot,"示例1:
问题: 一个篮子里有5个苹果，又放进去了3个，后来吃掉了2个，篮子里还剩几个苹果？
答案: 6个

示例2:
问题: 一辆车以60公里/小时的速度行驶了2小时，它行驶了多少公里？
答案: 120公里

请回答:
问题: 小红在切洋葱时流泪了，她可以做什么来减轻这种不适？
答案:","小红可以尝试以下几个方法来减轻切洋葱时流泪的不适：
1. **打开窗户或使用抽油烟机**：这样可以增加厨房的通风，减少空气中洋葱释放的刺激性气体，从而减少眼睛的刺激。
2. **用水浸泡切洋葱的面**：切洋葱前，可以在洗净的洋葱表面浸泡一些水，这有助于稀释洋葱中释放的刺激性物质。
3. **使用锋利的刀具**：锋利的刀具可以快速切割洋葱，减少在切割过程中产生刺激性气体的释放。
4. **戴上护目镜**：戴上护目镜可以有效地保护眼睛不受洋葱释放物质的刺激。
5. **切洋葱前削去洋葱皮**：有时候，洋葱皮下会含有较少的刺激性物质，因此削去皮可以减少刺激。
6. **切洋葱时靠近水龙头**：切洋葱时，靠近水龙头可以使水蒸气进入厨房，帮助稀释空气中的刺激性气体。
7. **使用专门的切洋葱工具**：市面上有一些专门设计用于切洋葱的工具，它们可以减少切割过程中的刺激性气体释放。

通过这些方法，小红可以在切洋葱时减少或避免流泪的不适。"
Qwen/Qwen2-7B-Instruct,common_sense_reasoning,common_002,小红在切洋葱时流泪了，她可以做什么来减轻这种不适？,她可以尝试将洋葱冷藏后再切，或者在通风良好的地方切，也可以戴上护目镜。,zero_shot_cot,"请回答以下问题，逐步思考，最后给出答案。
问题: 小红在切洋葱时流泪了，她可以做什么来减轻这种不适？","1. **理解原因**：首先，我们需要理解为什么在切洋葱时会流泪。这种现象是因为洋葱中含有一种叫做丙烯醛的化学物质，当我们切洋葱时，这种物质会释放出来并与空气接触，刺激眼睛的泪腺，导致流泪。

2. **寻找解决方案**：知道了原因，我们就可以尝试一些方法来减轻在切洋葱时流泪的情况。

   a. **带眼镜**：戴上眼镜可以减少眼泪流入眼睛的可能性，从而减少对眼睛的刺激。
   
   b. **冷水浸泡**：将洋葱放入冷水中浸泡一段时间后，再切它。这种方法减少了丙烯醛的挥发，从而降低了刺激性。
   
   c. **使用刀具的逆向切法**：从洋葱的底部开始切，将切下的部分放在砧板上，逐渐向上切。这种方法减少了气体的释放，减少了刺激。
   
   d. **使用旧的刀具**：锋利的新刀在切洋葱时会释放更多的丙烯醛，使用旧刀具可能会减少这种现象。
   
   e. **在通风良好的环境中操作**：切洋葱时确保周围有足够的空气流通，这样可以减少丙烯醛在空气中的浓度，减少对眼睛的刺激。
   
   f. **使用特殊设备**：市面上有一些专门设计的切菜器和切割机，它们的切割方式和设计可以减少洋葱释放的刺激性气体。
   
   g. **切割时佩戴口罩**：虽然这可能不是最佳方案，但在非常必要的情况下，佩戴口罩可以减少吸入丙烯醛的机会。

3. **总结**：根据上述方法，小红可以选择其中一种或几种结合使用，以减轻切洋葱时流泪的情况。其中，带眼镜、使用冷水浸泡、逆向切法以及使用旧刀具是比较简单且常见的方法，适合日常使用。"
Qwen/Qwen2-7B-Instruct,common_sense_reasoning,common_002,小红在切洋葱时流泪了，她可以做什么来减轻这种不适？,她可以尝试将洋葱冷藏后再切，或者在通风良好的地方切，也可以戴上护目镜。,few_shot_cot,"示例1:
问题: 一个篮子里有5个苹果，又放进去了3个，后来吃掉了2个，篮子里还剩几个苹果？
思考过程: 初始有5个苹果。放进去3个后，苹果总数是 5 + 3 = 8个。然后吃掉了2个，所以剩下的苹果是 8 - 2 = 6个。
答案: 6个

示例2:
问题: 一辆车以60公里/小时的速度行驶了2小时，它行驶了多少公里？
思考过程: 距离等于速度乘以时间。速度是60公里/小时，时间是2小时。所以总距离是 60 * 2 = 120公里。
答案: 120公里

请回答:
问题: 小红在切洋葱时流泪了，她可以做什么来减轻这种不适？
思考过程:","洋葱中含有一种刺激性物质，叫做丙烯醛，当它接触到眼睛时会引起眼泪。为减轻这种不适，小红可以尝试以下几种方法：

1. **打开窗户或使用风扇**：增加空气流通可以帮助分散室内的刺激性气味，减少丙烯醛的浓度，从而减轻眼睛的刺激感。

2. **使用冷敷物品**：在切洋葱前，可以将眼睛周围的皮肤用冷水浸泡或使用冷敷物品贴在皮肤上，这有助于减少眼睛对刺激的敏感度。

3. **佩戴护目镜**：佩戴护目镜可以有效防止眼睛直接接触到洋葱散发出的刺激性气体。

4. **切洋葱时减少呼吸**：尽量减少在切洋葱时的呼吸，因为呼吸会吸入更多的刺激性气体。

5. **用流水冲洗**：在切洋葱后，用流水冲洗眼睛，可以帮助清除残留的丙烯醛。

6. **使用特殊切割技巧**：采用特殊的切割技巧，如将洋葱倒置切，可以减少接触到眼睛的丙烯醛。

通过上述方法，可以有效地减轻在切洋葱时眼睛不适的症状。"
